ID,Lat,Long,Depth,E1 stand,E2 stand
1,54.510295,-5.44231,-12.43,0.209005629,0.390989288
2,54.51028,-5.44231,-12.43,0.20412758,0.374606175
3,54.5102616,-5.4423083,-12.53,0.196247655,0.379647133
4,54.5102433,-5.442305,-12.43,0.184615385,0.378071834
5,54.5102233,-5.4423,-12.33,0.193621013,0.336483932
6,54.5102033,-5.4422933,-12.43,0.200375235,0.319470699
7,54.5101816,-5.4422866,-12.43,0.204502814,0.308758664
8,54.5101583,-5.4422783,-12.43,0.201125704,0.34089477
9,54.510135,-5.4422683,-12.53,0.219136961,0.359798362
10,54.5101116,-5.4422566,-12.53,0.196247655,0.347511027
11,54.5100866,-5.442245,-12.43,0.222889306,0.36452426
12,54.5100616,-5.4422316,-12.53,0.226266417,0.374291115
13,54.5100366,-5.4422183,-12.53,0.202251407,0.365784499
14,54.5100116,-5.442205,-12.53,0.221013133,0.358853182
15,54.509985,-5.44219,-12.53,0.216885553,0.339634531
16,54.5099583,-5.442175,-12.43,0.221013133,0.353182105
17,54.5099283,-5.44216,-12.43,0.237898687,0.369250158
18,54.5099,-5.442145,-12.53,0.262664165,0.387523629
19,54.5098716,-5.4421283,-12.62,0.271294559,0.3626339
20,54.5098433,-5.4421116,-12.43,0.236772983,0.353812224
21,54.5098133,-5.442095,-12.43,0.233395872,0.357592943
22,54.509785,-5.4420783,-12.53,0.261913696,0.344045369
23,54.509755,-5.44206,-12.53,0.253658537,0.343730309
24,54.509725,-5.4420416,-12.43,0.260037523,0.343100189
25,54.509695,-5.4420266,-12.43,0.288180113,0.360743541
26,54.509665,-5.4420083,-12.43,0.257410882,0.365154379
27,54.509635,-5.44199,-12.43,0.248030019,0.365784499
28,54.509605,-5.4419716,-12.43,0.236022514,0.343415249
29,54.5095733,-5.4419516,-12.33,0.24727955,0.342470069
30,54.5095433,-5.4419333,-12.43,0.279174484,0.335223693
31,54.5095116,-5.441915,-12.43,0.291557223,0.347195967
32,54.5094816,-5.4418966,-12.43,0.251407129,0.344990548
33,54.50945,-5.4418766,-12.33,0.234521576,0.334593573
34,54.50942,-5.4418566,-12.33,0.28217636,0.325141777
35,54.50939,-5.4418366,-12.43,0.251031895,0.365154379
36,54.5093583,-5.4418166,-12.33,0.240900563,0.383427851
37,54.5093266,-5.4417966,-12.33,0.255909944,0.361373661
38,54.5092966,-5.4417766,-12.24,0.266791745,0.31821046
39,54.509265,-5.4417533,-12.24,0.272045028,0.308128544
40,54.5092366,-5.44173,-12.33,0.266791745,0.332073094
41,54.5092116,-5.441695,-12.33,0.252908068,0.348456207
42,54.5091816,-5.44167,-12.33,0.236022514,0.350031506
43,54.509155,-5.4416399,-12.24,0.251782364,0.315689981
44,54.5091316,-5.4415933,-12.24,0.270919325,0.321676118
45,54.509105,-5.44156,-12.24,0.245403377,0.325771897
46,54.5090766,-5.44153,-12.33,0.262664165,0.327032136
47,54.5090466,-5.44151,-12.24,0.269418386,0.312224323
48,54.5090283,-5.4414433,-12.33,0.257786116,0.325456837
49,54.508995,-5.441425,-12.14,0.261913696,0.358538122
50,54.5089616,-5.4414049,-12.14,0.28217636,0.313169502
51,54.5089283,-5.4413866,-12.14,0.285178236,0.324826717
52,54.5088933,-5.44137,-12.24,0.280675422,0.369565217
53,54.5088566,-5.4413533,-12.14,0.256660413,0.358538122
54,54.5088233,-5.4413349,-12.14,0.245778612,0.326086957
55,54.5087933,-5.44131,-12.14,0.255159475,0.34026465
56,54.508765,-5.4412766,-12.04,0.257410882,0.346250788
57,54.5087416,-5.4412333,-12.14,0.263414634,0.350346566
58,54.5087183,-5.4411916,-12.14,0.254409006,0.373660996
59,54.50869,-5.4411616,-12.04,0.269793621,0.334908633
60,54.5086616,-5.4411333,-12.04,0.25478424,0.332073094
61,54.5086333,-5.441105,-12.04,0.255159475,0.313484562
62,54.508605,-5.44108,-12.04,0.251782364,0.336483932
63,54.508575,-5.4410566,-12.04,0.253658537,0.360428481
64,54.5085433,-5.441035,-11.95,0.263414634,0.330182735
65,54.5085116,-5.441015,-11.95,0.246904315,0.305293006
66,54.50848,-5.4409966,-11.95,0.246529081,0.283868935
67,54.5084483,-5.4409766,-11.95,0.252532833,0.31821046
68,54.5084166,-5.4409616,-11.95,0.260412758,0.320730939
69,54.508385,-5.4409433,-11.95,0.238649156,0.322621298
70,54.5083533,-5.4409266,-11.85,0.236397749,0.351291745
71,54.5083233,-5.44091,-11.85,0.257035647,0.31726528
72,54.5082916,-5.4408933,-11.76,0.273921201,0.348456207
73,54.50826,-5.4408766,-11.85,0.267542214,0.34057971
74,54.5082283,-5.4408633,-11.85,0.234896811,0.297101449
75,54.508195,-5.4408483,-11.85,0.232645403,0.284499055
76,54.5081633,-5.440835,-11.76,0.248405253,0.288909893
77,54.5081316,-5.44082,-11.76,0.237148218,0.316005041
78,54.5081,-5.440805,-11.76,0.21988743,0.323881537
79,54.5080666,-5.4407916,-11.66,0.232270169,0.31726528
80,54.5080333,-5.4407766,-11.76,0.258536585,0.321361059
81,54.5080016,-5.4407633,-11.66,0.262288931,0.316950221
82,54.5079683,-5.44075,-11.66,0.251782364,0.342155009
83,54.507935,-5.4407383,-11.66,0.239774859,0.343100189
84,54.5079033,-5.4407233,-11.56,0.238649156,0.302142407
85,54.50787,-5.44071,-11.66,0.241651032,0.304662886
86,54.5078383,-5.4406966,-11.66,0.241651032,0.323881537
87,54.5078066,-5.4406816,-11.56,0.228142589,0.31884058
88,54.507775,-5.4406666,-11.47,0.240525328,0.314429742
89,54.5077433,-5.4406516,-11.47,0.237898687,0.327347196
90,54.5077116,-5.440635,-11.47,0.229643527,0.316950221
91,54.50768,-5.44062,-11.47,0.21575985,0.293005671
92,54.5076483,-5.4406066,-11.47,0.203001876,0.284183995
93,54.5076166,-5.44059,-11.47,0.216510319,0.287964713
94,54.5075866,-5.4405733,-11.47,0.235272045,0.275362319
95,54.507555,-5.4405599,-11.37,0.233020638,0.291430372
96,54.5075216,-5.4405466,-11.27,0.257035647,0.29647133
97,54.5074866,-5.440535,-11.37,0.284052533,0.301197227
98,54.5074533,-5.44052,-11.37,0.245778612,0.3178954
99,54.50742,-5.4405066,-11.37,0.221013133,0.330497795
100,54.507385,-5.440495,-11.27,0.214258912,0.299621928
101,54.50735,-5.4404833,-11.37,0.214634146,0.268115942
102,54.507315,-5.44047,-11.37,0.227767355,0.288909893
103,54.50728,-5.4404583,-11.37,0.213133208,0.296786389
104,54.5072466,-5.4404466,-11.27,0.201125704,0.264335224
105,54.5072116,-5.4404316,-11.27,0.199624765,0.247952111
106,54.5071783,-5.4404183,-11.18,0.209005629,0.291745432
107,54.507145,-5.4404033,-11.18,0.191369606,0.285444234
108,54.5071116,-5.4403883,-11.27,0.225140713,0.289540013
109,54.5070783,-5.4403716,-11.27,0.232645403,0.292375551
110,54.507045,-5.440355,-11.18,0.228142589,0.269376181
111,54.5070133,-5.4403366,-11.18,0.208255159,0.277882798
112,54.50698,-5.44032,-11.18,0.187617261,0.302772527
113,54.5069483,-5.4403016,-11.08,0.211257036,0.306238185
114,54.5069166,-5.440285,-11.18,0.212382739,0.311909263
115,54.5068833,-5.440265,-11.08,0.194746717,0.316635161
116,54.5068516,-5.440245,-11.08,0.173733583,0.308758664
117,54.5068216,-5.440225,-11.08,0.179362101,0.291745432
118,54.5067916,-5.4402033,-11.08,0.206378987,0.25110271
119,54.5067616,-5.4401816,-11.08,0.204878049,0.261499685
120,54.50673,-5.4401633,-11.08,0.200375235,0.27378702
121,54.5067033,-5.440135,-11.08,0.183489681,0.264335224
122,54.506675,-5.4401066,-11.08,0.181613508,0.262129805
123,54.5066466,-5.4400766,-10.98,0.190619137,0.286074354
124,54.50662,-5.4400483,-11.08,0.18011257,0.297101449
125,54.50659,-5.4400216,-11.08,0.187617261,0.275047259
126,54.5065616,-5.4399966,-11.18,0.199624765,0.275047259
127,54.5065316,-5.4399716,-11.08,0.197748593,0.293005671
128,54.5065033,-5.4399483,-10.98,0.198874296,0.29584121
129,54.5064733,-5.439925,-10.98,0.192870544,0.277882798
130,54.5064433,-5.4399016,-10.98,0.184615385,0.282923756
131,54.5064133,-5.4398799,-10.98,0.199249531,0.288909893
132,54.5063833,-5.43986,-10.98,0.177110694,0.285129175
133,54.5063533,-5.4398383,-10.98,0.162476548,0.277252678
134,54.5063233,-5.4398166,-10.89,0.182363977,0.2731569
135,54.5062933,-5.4397933,-10.98,0.191744841,0.275677379
136,54.5062633,-5.4397716,-10.89,0.18011257,0.269061122
137,54.5062333,-5.43975,-10.98,0.178611632,0.262129805
138,54.5062016,-5.43973,-10.98,0.190994371,0.274732199
139,54.5061716,-5.4397083,-11.08,0.174859287,0.275362319
140,54.5061416,-5.4396866,-10.89,0.173358349,0.283238815
141,54.50611,-5.439665,-10.89,0.174859287,0.268746062
142,54.5060783,-5.4396466,-10.89,0.181988743,0.266855703
143,54.5060466,-5.4396283,-10.89,0.183864916,0.263390044
144,54.506015,-5.4396083,-10.89,0.174859287,0.265595463
145,54.5059833,-5.4395883,-10.89,0.185365854,0.253623188
146,54.5059533,-5.43957,-10.89,0.166979362,0.270636421
147,54.5059216,-5.43955,-10.89,0.151594747,0.263705104
148,54.50589,-5.4395333,-10.89,0.185741088,0.262759924
149,54.5058566,-5.4395166,-10.89,0.171106942,0.267170762
150,54.505825,-5.4394983,-10.79,0.151594747,0.279458097
151,54.5057916,-5.4394816,-10.89,0.159849906,0.279143037
152,54.50576,-5.439465,-10.89,0.156097561,0.245746692
153,54.5057266,-5.4394483,-10.89,0.147091932,0.263705104
154,54.505695,-5.43943,-10.79,0.150844278,0.264020164
155,54.505665,-5.4394083,-10.89,0.15684803,0.275677379
156,54.5056333,-5.43939,-10.79,0.184615385,0.256458727
157,54.5056016,-5.4393716,-10.79,0.187992495,0.24921235
158,54.5055716,-5.4393533,-10.79,0.171857411,0.313169502
159,54.5055366,-5.4393433,-10.79,0.170356473,0.319785759
160,54.5055033,-5.4393266,-10.79,0.175609756,0.29489603
161,54.5054716,-5.4393083,-10.7,0.175609756,0.27378702
162,54.50544,-5.43929,-10.79,0.169981238,0.279773157
163,54.50541,-5.4392683,-10.79,0.165478424,0.278827977
164,54.50538,-5.4392466,-10.7,0.162101313,0.274417139
165,54.5053466,-5.43923,-10.7,0.168855535,0.247952111
166,54.505315,-5.439215,-10.79,0.191369606,0.263390044
167,54.5052816,-5.4391966,-10.6,0.179362101,0.300567108
168,54.50525,-5.4391816,-10.6,0.161726079,0.275047259
169,54.5052183,-5.4391633,-10.7,0.155722326,0.277567738
170,54.5051866,-5.4391433,-10.7,0.172232645,0.288594833
171,54.5051566,-5.4391216,-10.7,0.175609756,0.275677379
172,54.505125,-5.4391033,-10.7,0.171106942,0.266540643
173,54.5050933,-5.4390833,-10.7,0.172983114,0.287334594
174,54.50506,-5.439065,-10.6,0.201500938,0.282923756
175,54.50502,-5.4390683,-10.5,0.195497186,0.276937618
176,54.5049883,-5.4390483,-10.6,0.166228893,0.276307498
177,54.5049566,-5.4390283,-10.6,0.166228893,0.254253308
178,54.504925,-5.4390066,-10.6,0.177861163,0.243856333
179,54.504895,-5.4389833,-10.5,0.17673546,0.277567738
180,54.5048666,-5.4389516,-10.6,0.177485929,0.301197227
181,54.5048366,-5.4389266,-10.5,0.1684803,0.296786389
182,54.50481,-5.4388949,-10.5,0.163977486,0.29458097
183,54.504775,-5.438885,-10.5,0.182739212,0.269691241
184,54.504745,-5.4388616,-10.5,0.173358349,0.253623188
185,54.5047,-5.4388716,-10.5,0.162851782,0.269691241
186,54.5046683,-5.4388516,-10.5,0.175609756,0.284499055
187,54.50465,-5.4388,-10.6,0.183114447,0.294265911
188,54.5046416,-5.43872,-10.5,0.165853659,0.288909893
189,54.5046116,-5.4386966,-10.5,0.169230769,0.286074354
190,54.5045816,-5.4386733,-10.5,0.163977486,0.269691241
191,54.50455,-5.43865,-10.5,0.169981238,0.276307498
192,54.50452,-5.438625,-10.41,0.181988743,0.290485192
193,54.5044883,-5.4386016,-10.5,0.181988743,0.284814115
194,54.5044566,-5.4385833,-10.41,0.170731707,0.266855703
195,54.504425,-5.4385583,-10.41,0.149718574,0.276307498
196,54.504395,-5.438535,-10.41,0.144465291,0.27189666
197,54.5043666,-5.4385066,-10.41,0.150469043,0.283553875
198,54.504335,-5.4384866,-10.31,0.14521576,0.278512917
199,54.5043033,-5.438465,-10.31,0.16097561,0.242281033
200,54.504275,-5.4384383,-10.41,0.169981238,0.239445495
201,54.5042483,-5.438405,-10.41,0.157973734,0.252678009
202,54.5042183,-5.43838,-10.31,0.151969981,0.252678009
203,54.5041883,-5.4383549,-10.31,0.168855535,0.2731569
204,54.5041583,-5.4383283,-10.41,0.163227017,0.283868935
205,54.5041283,-5.4383033,-10.31,0.154971857,0.285129175
206,54.5040816,-5.4383166,-10.31,0.155347092,0.282608696
207,54.5040516,-5.43829,-10.21,0.156472795,0.284183995
208,54.504015,-5.4382816,-10.31,0.137711069,0.270636421
209,54.503985,-5.4382566,-10.31,0.143339587,0.263705104
210,54.503955,-5.4382333,-10.31,0.168105066,0.288279773
211,54.5039183,-5.4382233,-10.21,0.154221388,0.31852552
212,54.50389,-5.4381916,-10.21,0.15272045,0.289855072
213,54.50386,-5.4381666,-10.21,0.147467167,0.277252678
214,54.503815,-5.43818,-10.21,0.151969981,0.280403277
215,54.503785,-5.438155,-10.31,0.162476548,0.2731569
216,54.503755,-5.43813,-10.31,0.178986867,0.264020164
217,54.5037366,-5.4380766,-10.21,0.162476548,0.255513548
218,54.5037066,-5.4380516,-10.21,0.146341463,0.278827977
219,54.5036733,-5.4380316,-10.21,0.148968105,0.285129175
220,54.5036416,-5.4380116,-10.21,0.162101313,0.246376812
221,54.50361,-5.4379916,-10.21,0.141463415,0.234089477
222,54.5035766,-5.4379716,-10.21,0.157598499,0.253308129
223,54.5035383,-5.4379683,-10.12,0.175984991,0.270951481
224,54.50351,-5.43794,-10.21,0.171482176,0.261184625
225,54.50348,-5.437915,-10.12,0.15272045,0.266855703
226,54.5034516,-5.43789,-10.12,0.151969981,0.271581601
227,54.5034216,-5.4378633,-10.12,0.154971857,0.281348456
228,54.5033933,-5.4378383,-10.12,0.161726079,0.255513548
229,54.50336,-5.4378216,-10.12,0.150093809,0.247952111
230,54.5033283,-5.4378016,-10.12,0.159099437,0.246691871
231,54.5032983,-5.4377783,-10.12,0.157598499,0.244486452
232,54.50327,-5.437755,-10.02,0.146341463,0.284183995
233,54.5032383,-5.4377333,-10.02,0.143714822,0.274417139
234,54.5032066,-5.4377133,-9.92,0.154596623,0.274102079
235,54.5031766,-5.43769,-10.02,0.159474672,0.242911153
236,54.503145,-5.4376683,-10.02,0.159474672,0.239445495
237,54.5031133,-5.4376483,-9.92,0.145966229,0.261184625
238,54.5030866,-5.43762,-9.92,0.135834897,0.255198488
239,54.50306,-5.4375933,-10.02,0.128705441,0.264335224
240,54.5030316,-5.4375683,-9.92,0.1369606,0.263705104
241,54.5030033,-5.437545,-9.92,0.143714822,0.234719597
242,54.5029733,-5.43752,-10.02,0.160600375,0.224322621
243,54.5029466,-5.437495,-9.92,0.155722326,0.254568368
244,54.50292,-5.4374666,-9.83,0.148217636,0.25110271
245,54.5028933,-5.4374399,-9.92,0.127579737,0.245116572
246,54.502865,-5.4374183,-9.92,0.114071295,0.245116572
247,54.502835,-5.437395,-9.92,0.1369606,0.262444865
248,54.502805,-5.4373733,-9.92,0.121575985,0.256458727
249,54.502775,-5.4373533,-9.83,0.116697936,0.238815375
250,54.502745,-5.4373316,-9.92,0.137711069,0.25078765
251,54.502715,-5.43731,-9.92,0.146341463,0.247006931
252,54.502685,-5.43729,-9.83,0.120825516,0.230623819
253,54.502655,-5.4372683,-9.73,0.122701689,0.232514178
254,54.502625,-5.4372483,-9.73,0.129080675,0.222117202
255,54.502595,-5.4372266,-9.73,0.135459662,0.213925646
256,54.5025633,-5.4372066,-9.73,0.143339587,0.221172023
257,54.5025333,-5.4371866,-9.73,0.147842402,0.236609956
258,54.5025016,-5.4371683,-9.73,0.147467167,0.243541273
259,54.50247,-5.4371483,-9.73,0.145966229,0.246376812
260,54.5024383,-5.43713,-9.73,0.142213884,0.24984247
261,54.502405,-5.4371116,-9.73,0.126454034,0.25110271
262,54.5023716,-5.4370966,-9.64,0.112570356,0.263390044
263,54.50234,-5.4370783,-9.64,0.113320826,0.256773787
264,54.5023066,-5.4370633,-9.64,0.108818011,0.239130435
265,54.502275,-5.4370466,-9.64,0.103564728,0.24984247
266,54.5022433,-5.4370266,-9.64,0.104690432,0.267485822
267,54.5022083,-5.437015,-9.64,0.109943715,0.27252678
268,54.502175,-5.4369983,-9.64,0.115196998,0.261184625
269,54.5021433,-5.4369816,-9.54,0.126829268,0.233459357
270,54.502105,-5.436975,-9.54,0.133958724,0.241650914
271,54.5020666,-5.4369666,-9.54,0.111819887,0.262444865
272,54.5020366,-5.4369416,-9.54,0.123076923,0.256458727
273,54.5019983,-5.4369366,-9.54,0.132457786,0.246061752
274,54.5019616,-5.4369249,-9.54,0.117448405,0.220856963
275,54.5019266,-5.4369133,-9.54,0.130206379,0.244801512
276,54.501895,-5.436895,-9.54,0.153095685,0.280403277
277,54.5018616,-5.4368766,-9.54,0.138461538,0.267170762
278,54.5018283,-5.43686,-9.54,0.126078799,0.251732829
279,54.501795,-5.4368433,-9.44,0.135459662,0.264335224
280,54.5017616,-5.4368283,-9.44,0.122701689,0.260554505
281,54.5017266,-5.4368116,-9.54,0.105065666,0.260239445
282,54.5016966,-5.4367916,-9.44,0.101688555,0.244171393
283,54.5016666,-5.4367683,-9.44,0.106941839,0.22621298
284,54.501635,-5.4367516,-9.44,0.100562852,0.244171393
285,54.5016,-5.4367366,-9.44,0.109193246,0.260869565
286,54.50157,-5.436715,-9.44,0.101313321,0.264335224
287,54.501545,-5.4366783,-9.54,0.09380863,0.266540643
288,54.5015116,-5.4366616,-9.44,0.098686679,0.282923756
289,54.501485,-5.4366316,-9.44,0.101313321,0.266855703
290,54.5014516,-5.436615,-9.44,0.112945591,0.212035287
291,54.50142,-5.4365966,-9.44,0.111069418,0.233774417
292,54.5013866,-5.4365783,-9.44,0.111069418,0.269376181
293,54.5013533,-5.4365633,-9.35,0.103189493,0.259609326
294,54.50132,-5.4365483,-9.44,0.101688555,0.237240076
295,54.5012883,-5.43653,-9.44,0.101688555,0.245116572
296,54.5012533,-5.436515,-9.44,0.108442777,0.242596093
297,54.5012216,-5.4364933,-9.44,0.111444653,0.241335854
298,54.5011883,-5.4364766,-9.44,0.090806754,0.238500315
299,54.501155,-5.4364633,-9.54,0.091932458,0.246376812
300,54.50112,-5.436445,-9.54,0.100938086,0.268431002
301,54.5010883,-5.4364283,-9.54,0.09380863,0.263705104
302,54.5010533,-5.43641,-9.44,0.101688555,0.254883428
303,54.50102,-5.4363933,-9.54,0.114071295,0.27221172
304,54.500985,-5.436375,-9.44,0.102439024,0.257403907
305,54.50095,-5.43636,-9.44,0.090806754,0.231253938
306,54.5009166,-5.4363433,-9.54,0.102814259,0.25015753
307,54.5008816,-5.4363266,-9.44,0.085553471,0.247637051
308,54.5008483,-5.43631,-9.54,0.089681051,0.245431632
309,54.5008166,-5.4362933,-9.54,0.093058161,0.270321361
310,54.5007816,-5.4362766,-9.54,0.090056285,0.29458097
311,54.5007483,-5.43626,-9.54,0.09043152,0.277567738
312,54.500715,-5.4362433,-9.54,0.085928705,0.259609326
313,54.5006816,-5.4362266,-9.54,0.095684803,0.239130435
314,54.5006483,-5.43621,-9.64,0.097560976,0.22715816
315,54.5006133,-5.436195,-9.64,0.093433396,0.245746692
316,54.5005833,-5.4361733,-9.64,0.105816135,0.251417769
317,54.5005466,-5.43616,-9.64,0.102439024,0.246061752
318,54.5005116,-5.436145,-9.73,0.103939962,0.252678009
319,54.5004783,-5.43613,-9.64,0.102439024,0.244171393
320,54.500445,-5.4361116,-9.73,0.092682927,0.230623819
321,54.5004083,-5.4361016,-9.73,0.091557223,0.222432262
322,54.5003783,-5.4360733,-9.64,0.091932458,0.212035287
323,54.5003383,-5.43607,-9.64,0.100187617,0.219281664
324,54.5003,-5.43606,-9.73,0.097185741,0.254253308
325,54.5002633,-5.4360466,-9.64,0.081801126,0.230938878
326,54.500225,-5.436035,-9.64,0.093433396,0.230623819
327,54.5001916,-5.4360133,-9.73,0.112945591,0.258349086
328,54.5001583,-5.4359916,-9.83,0.11369606,0.258034026
329,54.5001216,-5.4359766,-9.73,0.106566604,0.269061122
330,54.5000883,-5.435955,-9.73,0.108818011,0.282293636
331,54.5000583,-5.43593,-9.73,0.119699812,0.282923756
332,54.5000283,-5.4359016,-9.73,0.108818011,0.292375551
333,54.5,-5.4358733,-9.73,0.09793621,0.309073724
334,54.4999733,-5.4358416,-9.73,0.103939962,0.275047259
335,54.499945,-5.4358116,-9.73,0.099437148,0.253938248
336,54.4999183,-5.43578,-9.83,0.092307692,0.311279143
337,54.5000883,-5.434455,-9.73,0.12195122,0.25047259
338,54.500115,-5.434455,-9.83,0.120825516,0.27284184
339,54.50014,-5.4344566,-9.92,0.12532833,0.290800252
340,54.5001633,-5.4344666,-9.92,0.129831144,0.296786389
341,54.5001883,-5.4344766,-9.83,0.12532833,0.306238185
342,54.5002116,-5.4344916,-9.83,0.129080675,0.282923756
343,54.5002366,-5.4345066,-9.92,0.143339587,0.291430372
344,54.500265,-5.434525,-9.92,0.142213884,0.281033396
345,54.5002933,-5.4345433,-9.92,0.134709193,0.247637051
346,54.5003216,-5.4345633,-9.92,0.127204503,0.274417139
347,54.50035,-5.4345833,-10.02,0.139212008,0.256458727
348,54.50038,-5.4346033,-9.92,0.147842402,0.251417769
349,54.50041,-5.4346233,-10.02,0.138461538,0.251417769
350,54.50044,-5.434645,-10.02,0.134333959,0.245116572
351,54.5004683,-5.434665,-10.02,0.135084428,0.275362319
352,54.5004983,-5.434685,-10.02,0.135834897,0.264020164
353,54.5005283,-5.434705,-10.12,0.154221388,0.260554505
354,54.500555,-5.4347266,-10.02,0.1684803,0.271581601
355,54.5005883,-5.4347466,-10.02,0.166979362,0.278197858
356,54.5006183,-5.4347683,-10.02,0.158348968,0.277567738
357,54.5006483,-5.4347899,-10.02,0.158724203,0.287334594
358,54.5006766,-5.4348116,-10.02,0.143339587,0.282293636
359,54.5007066,-5.4348333,-10.12,0.136210131,0.29552615
360,54.5007366,-5.4348533,-10.12,0.13358349,0.277252678
361,54.5007733,-5.4348733,-10.12,0.14934334,0.246376812
362,54.5008033,-5.434895,-10.21,0.15684803,0.263074984
363,54.5008333,-5.434915,-10.12,0.170731707,0.290800252
364,54.500865,-5.4349366,-10.21,0.166604128,0.287334594
365,54.5008966,-5.4349583,-10.21,0.171106942,0.286074354
366,54.5009266,-5.43498,-10.31,0.164727955,0.2731569
367,54.5009583,-5.4350016,-10.31,0.148592871,0.278197858
368,54.5009883,-5.4350216,-10.21,0.184615385,0.280403277
369,54.5010183,-5.4350433,-10.12,0.206378987,0.290800252
370,54.5010483,-5.4350633,-10.31,0.215009381,0.309703844
371,54.50108,-5.435085,-10.31,0.228142589,0.29615627
372,54.5011116,-5.4351066,-10.41,0.233020638,0.320100819
373,54.5011416,-5.4351283,-10.5,0.239774859,0.332073094
374,54.5011733,-5.43515,-10.5,0.250281426,0.332073094
375,54.501205,-5.4351716,-10.5,0.250281426,0.31821046
376,54.50124,-5.4351933,-10.41,0.231894934,0.282923756
377,54.501275,-5.435215,-10.41,0.219512195,0.269376181
378,54.501305,-5.4352366,-10.6,0.206003752,0.308128544
379,54.501335,-5.4352583,-10.5,0.218386492,0.292060491
380,54.5013666,-5.4352833,-10.5,0.226266417,0.308128544
381,54.5014016,-5.4353116,-10.6,0.221388368,0.36294896
382,54.5014366,-5.435335,-10.5,0.225891182,0.375866415
383,54.5014683,-5.43536,-10.6,0.246529081,0.372715816
384,54.5015016,-5.435385,-10.7,0.264165103,0.352867045
385,54.5015383,-5.4354166,-10.7,0.270168856,0.304977946
386,54.5015733,-5.435445,-10.6,0.255534709,0.314744802
387,54.5016066,-5.4354733,-10.6,0.252908068,0.326086957
388,54.5016383,-5.4354983,-10.6,0.251782364,0.31821046
389,54.5016666,-5.4355216,-10.6,0.240150094,0.332073094
390,54.5016983,-5.4355466,-10.6,0.218386492,0.348456207
391,54.5017266,-5.43557,-10.6,0.217636023,0.319470699
392,54.5017583,-5.435595,-10.7,0.232270169,0.314744802
393,54.50179,-5.4356183,-10.79,0.236022514,0.289224953
394,54.5018216,-5.4356433,-10.7,0.256660413,0.290800252
395,54.5018533,-5.43567,-10.79,0.22326454,0.291430372
396,54.5018866,-5.4356966,-10.79,0.200375235,0.270321361
397,54.501915,-5.43572,-10.79,0.216885553,0.254883428
398,54.5019416,-5.4357383,-10.89,0.208255159,0.269376181
399,54.5019683,-5.4357583,-10.79,0.193621013,0.292375551
400,54.502,-5.435785,-10.79,0.184990619,0.291745432
401,54.5020333,-5.43581,-10.79,0.203001876,0.302772527
402,54.502065,-5.4358366,-10.79,0.212757974,0.31758034
403,54.5020983,-5.4358616,-10.89,0.22326454,0.29584121
404,54.5021266,-5.4358866,-10.79,0.216885553,0.275992439
405,54.5021566,-5.43592,-10.79,0.210506567,0.25110271
406,54.5021883,-5.4359483,-10.89,0.209380863,0.27252678
407,54.50222,-5.4359733,-10.89,0.229268293,0.259924386
408,54.50225,-5.4359966,-10.98,0.218761726,0.266225583
409,54.5022783,-5.4360183,-10.89,0.190619137,0.276307498
410,54.5023083,-5.4360433,-10.79,0.208630394,0.261814745
411,54.50234,-5.4360716,-10.89,0.199624765,0.260554505
412,54.5023716,-5.4361016,-10.89,0.183489681,0.264650284
413,54.5024,-5.4361316,-10.89,0.222138837,0.306553245
414,54.5024316,-5.43616,-10.98,0.216510319,0.312854442
415,54.5024616,-5.4361883,-10.98,0.197373358,0.309703844
416,54.5024933,-5.436215,-10.98,0.199624765,0.313169502
417,54.5025233,-5.43624,-10.98,0.212382739,0.310964083
418,54.5025533,-5.4362633,-10.89,0.220262664,0.268431002
419,54.50258,-5.4362816,-10.89,0.237523452,0.27189666
420,54.50261,-5.4363066,-10.89,0.240900563,0.307183365
421,54.5026416,-5.43633,-10.89,0.236772983,0.331442974
422,54.5026733,-5.4363533,-10.98,0.197373358,0.293005671
423,54.5027033,-5.4363766,-10.98,0.175984991,0.271581601
424,54.502735,-5.4364083,-10.89,0.203752345,0.248267171
425,54.502765,-5.436425,-10.98,0.214258912,0.24984247
426,54.5027933,-5.436445,-10.98,0.20412758,0.270006301
427,54.5028233,-5.43647,-10.89,0.21575985,0.276307498
428,54.502855,-5.4364883,-10.98,0.206003752,0.254883428
429,54.5028833,-5.4365116,-10.79,0.216510319,0.252047889
430,54.5029133,-5.436535,-11.08,0.219136961,0.282293636
431,54.5029433,-5.436555,-11.08,0.199624765,0.310964083
432,54.5029733,-5.4365733,-10.89,0.193245779,0.310333963
433,54.503005,-5.4365949,-10.98,0.215009381,0.290800252
434,54.503035,-5.4366166,-11.08,0.236397749,0.276937618
435,54.503065,-5.4366383,-11.08,0.210131332,0.268431002
436,54.503095,-5.4366566,-11.18,0.204878049,0.279143037
437,54.5031266,-5.4366766,-10.98,0.210506567,0.257403907
438,54.5031566,-5.436695,-11.08,0.216885553,0.263390044
439,54.5031866,-5.436715,-11.08,0.234146341,0.280718336
440,54.5032183,-5.4367333,-11.08,0.228142589,0.310018904
441,54.50325,-5.4367533,-11.08,0.203377111,0.324511657
442,54.503285,-5.43677,-11.08,0.2,0.304662886
443,54.503315,-5.43679,-11.08,0.206378987,0.267170762
444,54.5033516,-5.4368083,-11.08,0.213883677,0.286074354
445,54.5033833,-5.4368266,-11.18,0.218761726,0.297416509
446,54.5034133,-5.4368433,-11.08,0.222889306,0.299306868
447,54.5034433,-5.4368616,-11.18,0.210131332,0.281663516
448,54.503475,-5.4368783,-11.08,0.177485929,0.252047889
449,54.5035066,-5.4368966,-11.18,0.182739212,0.284183995
450,54.5035383,-5.4369133,-11.18,0.208630394,0.308758664
451,54.503575,-5.4369266,-11.18,0.206378987,0.287649653
452,54.5036066,-5.4369433,-11.18,0.203001876,0.268431002
453,54.5036366,-5.43696,-11.18,0.193996248,0.260869565
454,54.5036666,-5.436975,-11.18,0.2,0.280403277
455,54.5036983,-5.4369916,-11.18,0.21163227,0.292690611
456,54.5037283,-5.4370083,-11.27,0.205628518,0.329867675
457,54.50376,-5.4370233,-11.27,0.201125704,0.328292376
458,54.5037916,-5.43704,-11.27,0.194746717,0.309703844
459,54.5038233,-5.437055,-11.27,0.200750469,0.29647133
460,54.5038566,-5.4370666,-11.27,0.212007505,0.276937618
461,54.5038866,-5.4370833,-11.27,0.210881801,0.274417139
462,54.5039183,-5.437095,-11.27,0.220262664,0.29552615
463,54.50395,-5.4371083,-11.27,0.210506567,0.36389414
464,54.5039833,-5.43712,-11.27,0.23902439,0.356647763
465,54.504015,-5.4371333,-11.47,0.257035647,0.329867675
466,54.5040483,-5.4371466,-11.27,0.248405253,0.327662256
467,54.50408,-5.43716,-11.18,0.237148218,0.34057971
468,54.5041116,-5.43717,-11.27,0.212007505,0.34183995
469,54.504145,-5.43718,-11.47,0.193245779,0.332703214
470,54.5041766,-5.4371916,-11.27,0.211257036,0.303402647
471,54.50421,-5.4372033,-11.37,0.217636023,0.270321361
472,54.5042416,-5.4372133,-11.47,0.227016886,0.293950851
473,54.504275,-5.4372233,-11.37,0.236397749,0.316950221
474,54.5043083,-5.4372333,-11.37,0.216510319,0.305608066
475,54.50434,-5.4372433,-11.37,0.199624765,0.304032766
476,54.5043716,-5.4372533,-11.37,0.230018762,0.29584121
477,54.504405,-5.4372616,-11.37,0.244652908,0.310649023
478,54.5044366,-5.43727,-11.47,0.229643527,0.306868305
479,54.50447,-5.43728,-11.66,0.195497186,0.306553245
480,54.5045033,-5.4372883,-11.47,0.217636023,0.328922495
481,54.504535,-5.4372966,-11.37,0.227767355,0.342155009
482,54.5045683,-5.437305,-11.47,0.21163227,0.323251418
483,54.5046,-5.4373133,-11.66,0.222138837,0.302457467
484,54.5046333,-5.4373183,-11.56,0.225891182,0.302772527
485,54.5046666,-5.4373233,-11.56,0.25478424,0.311279143
486,54.5047,-5.43733,-11.56,0.233771107,0.323251418
487,54.5047333,-5.4373383,-11.66,0.208255159,0.302772527
488,54.5047666,-5.4373466,-11.66,0.219512195,0.284183995
489,54.5047983,-5.4373566,-11.56,0.218386492,0.333333333
490,54.5048316,-5.4373666,-11.56,0.218386492,0.360428481
491,54.504865,-5.4373783,-11.37,0.231144465,0.322306238
492,54.5048966,-5.43739,-11.56,0.230769231,0.304662886
493,54.50493,-5.4374016,-11.66,0.231894934,0.326402016
494,54.5049616,-5.4374133,-11.66,0.234146341,0.351606805
495,54.5049933,-5.4374266,-11.66,0.248405253,0.338374291
496,54.5050266,-5.4374383,-11.66,0.240525328,0.348771267
497,54.5050566,-5.437455,-11.66,0.252157598,0.350661626
498,54.5050883,-5.43747,-11.76,0.225140713,0.314744802
499,54.50512,-5.437485,-11.76,0.225515947,0.315059861
500,54.5051516,-5.4375,-11.76,0.222514071,0.312854442
501,54.5051833,-5.437515,-11.85,0.226641651,0.324196597
502,54.5052183,-5.4375283,-11.76,0.263414634,0.334278513
503,54.50525,-5.437545,-11.76,0.284052533,0.303717706
504,54.5052816,-5.4375633,-11.85,0.265666041,0.308443604
505,54.505315,-5.43758,-11.76,0.243902439,0.337744171
506,54.5053466,-5.437595,-11.76,0.238649156,0.374606175
507,54.50538,-5.4376133,-11.76,0.223639775,0.354127284
508,54.5054083,-5.4376333,-11.85,0.230018762,0.328292376
509,54.5054383,-5.4376533,-11.95,0.263789869,0.321045999
510,54.5054666,-5.4376733,-11.85,0.254033771,0.327662256
511,54.5055,-5.4376916,-11.85,0.233020638,0.352551985
512,54.5055333,-5.43771,-11.95,0.236022514,0.356647763
513,54.5055633,-5.4377283,-11.85,0.233020638,0.329552615
514,54.5055966,-5.4377466,-11.85,0.228517824,0.337744171
515,54.5056283,-5.4377666,-11.95,0.232645403,0.332073094
516,54.50566,-5.4377866,-11.95,0.210881801,0.312539382
517,54.5056933,-5.437805,-11.85,0.206754221,0.310333963
518,54.505725,-5.437825,-11.95,0.237523452,0.323566478
519,54.505755,-5.437845,-11.95,0.257410882,0.335853812
520,54.505785,-5.4378666,-11.95,0.243527205,0.336483932
521,54.5058166,-5.4378883,-11.95,0.209756098,0.352867045
522,54.5058516,-5.4379066,-12.04,0.228893058,0.330812854
523,54.5058833,-5.4379266,-12.04,0.252908068,0.330182735
524,54.505915,-5.4379483,-11.85,0.254409006,0.350031506
525,54.5059466,-5.43797,-11.95,0.252157598,0.332703214
526,54.5059783,-5.4379916,-12.04,0.219512195,0.34026465
527,54.5060083,-5.4380133,-11.95,0.248030019,0.347195967
528,54.50604,-5.438035,-12.04,0.255534709,0.310333963
529,54.50607,-5.43806,-12.04,0.257410882,0.345620668
530,54.5061016,-5.438085,-12.04,0.2315197,0.384373031
531,54.5061333,-5.4381066,-12.04,0.207129456,0.379962193
532,54.506165,-5.43813,-11.95,0.231894934,0.345305608
533,54.5061966,-5.4381533,-11.85,0.269418386,0.331758034
534,54.5062266,-5.4381783,-12.04,0.250281426,0.34089477
535,54.5062583,-5.4382016,-12.04,0.219136961,0.327977316
536,54.5062883,-5.4382283,-11.95,0.199249531,0.316635161
537,54.50632,-5.4382566,-12.04,0.223639775,0.324826717
538,54.50635,-5.4382783,-12.04,0.255909944,0.327347196
539,54.5063816,-5.4383016,-12.04,0.279549719,0.361373661
540,54.5064116,-5.4383266,-11.95,0.2630394,0.395715186
541,54.5064416,-5.4383533,-12.04,0.2315197,0.394139887
542,54.5064733,-5.43838,-12.04,0.225891182,0.359168242
543,54.506505,-5.438405,-11.85,0.246904315,0.356332703
544,54.5065366,-5.4384283,-11.85,0.264165103,0.360743541
545,54.5065733,-5.4384533,-12.04,0.257410882,0.349086326
546,54.5066,-5.4384783,-12.04,0.245403377,0.34152489
547,54.5066316,-5.4385016,-11.95,0.245403377,0.315689981
548,54.506665,-5.4385266,-11.95,0.226641651,0.310333963
549,54.506695,-5.43855,-11.85,0.221013133,0.316635161
550,54.5067283,-5.4385733,-12.04,0.216510319,0.334908633
551,54.50676,-5.4385966,-12.04,0.226266417,0.324826717
552,54.5067916,-5.43862,-11.85,0.242776735,0.338689351
553,54.5068233,-5.4386433,-11.95,0.236772983,0.344675488
554,54.5068566,-5.438665,-11.85,0.218761726,0.336483932
555,54.5068866,-5.43869,-11.95,0.223639775,0.336483932
556,54.50692,-5.43871,-12.04,0.234521576,0.344045369
557,54.5069516,-5.4387333,-11.85,0.223639775,0.345935728
558,54.5069833,-5.4387533,-11.95,0.251031895,0.327347196
559,54.5070133,-5.4387766,-12.04,0.271294559,0.323566478
560,54.507045,-5.4387983,-11.95,0.254409006,0.328292376
561,54.5070766,-5.4388183,-11.85,0.228142589,0.332703214
562,54.5071116,-5.4388383,-11.95,0.241651032,0.364839319
563,54.507145,-5.4388583,-12.04,0.255909944,0.376181474
564,54.5071766,-5.4388783,-12.04,0.249155722,0.373345936
565,54.5072083,-5.4389016,-11.85,0.294559099,0.390044108
566,54.5072416,-5.4389216,-12.04,0.305065666,0.398865784
567,54.5072733,-5.4389416,-12.04,0.271294559,0.398235665
568,54.5073083,-5.4389616,-12.14,0.248030019,0.401071204
569,54.50734,-5.43898,-12.04,0.248780488,0.375236295
570,54.5073733,-5.439,-12.04,0.265290807,0.374291115
571,54.507405,-5.4390216,-12.04,0.249155722,0.381222432
572,54.5074383,-5.4390416,-11.85,0.245028143,0.356647763
573,54.5074716,-5.4390616,-12.04,0.262664165,0.34183995
574,54.5075016,-5.4390833,-12.04,0.261163227,0.34089477
575,54.5075316,-5.4391033,-11.95,0.261913696,0.361688721
576,54.5075633,-5.439125,-12.24,0.272045028,0.343100189
577,54.507595,-5.439145,-11.95,0.286679174,0.34057971
578,54.5076266,-5.4391666,-12.04,0.25891182,0.333333333
579,54.50766,-5.4391866,-11.95,0.253658537,0.324826717
580,54.5076916,-5.4392066,-12.04,0.272420263,0.361058601
581,54.507725,-5.4392266,-12.04,0.249530957,0.368620038
582,54.5077566,-5.439245,-12.14,0.242026266,0.370195337
583,54.50779,-5.439265,-12.14,0.254409006,0.384057971
584,54.5078216,-5.439285,-12.04,0.258536585,0.374921235
585,54.5078533,-5.439305,-12.24,0.273545966,0.410522999
586,54.507885,-5.439325,-12.04,0.243527205,0.393509767
587,54.5079183,-5.4393433,-12.04,0.264165103,0.368304978
588,54.50795,-5.4393633,-12.14,0.269043152,0.36389414
589,54.5079816,-5.4393833,-12.14,0.263414634,0.369880277
590,54.5080133,-5.4394016,-12.14,0.283302064,0.373030876
591,54.508045,-5.4394216,-12.33,0.27054409,0.356332703
592,54.5080766,-5.43944,-12.14,0.261538462,0.356332703
593,54.5081083,-5.43946,-12.24,0.287429644,0.388468809
594,54.5081416,-5.4394783,-12.24,0.287429644,0.354442344
595,54.5081766,-5.439495,-12.24,0.293058161,0.326717076
596,54.5082083,-5.4395133,-12.04,0.284803002,0.344360428
597,54.5082416,-5.43953,-12.24,0.259287054,0.389413989
598,54.5082733,-5.4395483,-12.33,0.257410882,0.40989288
599,54.5083066,-5.4395666,-12.14,0.261913696,0.394454946
600,54.5083383,-5.439585,-12.14,0.269043152,0.370825457
601,54.50837,-5.4396016,-12.33,0.279924953,0.367359798
602,54.5084016,-5.4396183,-12.24,0.269793621,0.381537492
603,54.5084333,-5.4396333,-12.24,0.241651032,0.384688091
604,54.508465,-5.43965,-12.33,0.260787992,0.378386894
605,54.5084966,-5.439665,-12.33,0.262288931,0.3626339
606,54.5085283,-5.4396783,-12.14,0.269418386,0.3626339
607,54.5085616,-5.4396933,-12.33,0.274296435,0.354757404
608,54.5085933,-5.43971,-12.43,0.231894934,0.306238185
609,54.508625,-5.4397266,-12.43,0.255909944,0.338689351
610,54.5086583,-5.4397416,-12.43,0.256660413,0.356962823
611,54.5086916,-5.439755,-12.43,0.237898687,0.329237555
612,54.508725,-5.4397683,-12.33,0.217636023,0.322306238
613,54.5087566,-5.439785,-12.33,0.224015009,0.373345936
614,54.50879,-5.4398,-12.43,0.207879925,0.406112161
615,54.5088216,-5.439815,-12.53,0.212757974,0.356017643
616,54.5088566,-5.43983,-12.62,0.225891182,0.331127914
617,54.5088916,-5.439845,-12.53,0.251031895,0.337744171
618,54.5089266,-5.4398583,-12.53,0.239774859,0.359798362
619,54.50896,-5.4398716,-12.43,0.245403377,0.36452426
620,54.5089933,-5.4398866,-12.62,0.25478424,0.36389414
621,54.5090266,-5.4399,-12.72,0.250281426,0.345620668
622,54.50906,-5.439915,-12.62,0.258161351,0.34152489
623,54.5090933,-5.439925,-12.53,0.256285178,0.374291115
624,54.509125,-5.4399383,-12.62,0.258536585,0.382167612
625,54.5091566,-5.4399483,-12.53,0.257410882,0.345305608
626,54.50919,-5.4399583,-12.62,0.273170732,0.365469439
627,54.5092233,-5.4399683,-12.72,0.265290807,0.383427851
628,54.509255,-5.43998,-12.62,0.277298311,0.369880277
629,54.5092883,-5.4399916,-12.62,0.287054409,0.360743541
630,54.5093216,-5.440005,-12.72,0.258536585,0.394770006
631,54.509355,-5.4400166,-12.72,0.279174484,0.395400126
632,54.5093866,-5.44003,-12.62,0.274296435,0.365469439
633,54.50942,-5.4400433,-12.82,0.262664165,0.399810964
634,54.5094533,-5.440055,-12.82,0.240900563,0.398550725
635,54.5094866,-5.4400666,-12.72,0.248405253,0.373030876
636,54.50952,-5.44008,-12.72,0.277673546,0.377756774
637,54.5095533,-5.4400916,-12.72,0.249906191,0.367044739
638,54.5095866,-5.4401033,-12.82,0.229268293,0.365154379
639,54.50962,-5.4401149,-12.72,0.248780488,0.383427851
640,54.5096533,-5.4401283,-12.72,0.280300188,0.369250158
641,54.5096866,-5.44014,-12.82,0.273170732,0.380277253
642,54.5097216,-5.4401516,-12.82,0.255159475,0.381537492
643,54.509755,-5.44016,-12.91,0.27879925,0.399810964
644,54.5097883,-5.4401666,-12.72,0.27879925,0.389098929
645,54.5098216,-5.4401766,-12.82,0.284803002,0.378071834
646,54.5098566,-5.44019,-12.91,0.272045028,0.38626339
647,54.50989,-5.4402016,-13.01,0.258161351,0.424385633
648,54.5099233,-5.44021,-12.91,0.244652908,0.421865154
649,54.5099566,-5.4402183,-12.72,0.236022514,0.348771267
650,54.5099883,-5.4402266,-12.91,0.261163227,0.379647133
651,54.5100216,-5.4402366,-12.82,0.293433396,0.394454946
652,54.510055,-5.440245,-12.82,0.282551595,0.368620038
653,54.5100883,-5.4402566,-12.91,0.288930582,0.393824827
654,54.5101216,-5.4402683,-12.91,0.285928705,0.402961563
655,54.5101566,-5.4402783,-12.91,0.269043152,0.43100189
656,54.51019,-5.4402916,-13.01,0.286679174,0.462192817
657,54.510225,-5.4403033,-12.72,0.269043152,0.381222432
658,54.51026,-5.4403166,-12.82,0.258161351,0.350031506
659,54.510295,-5.4403283,-12.82,0.279549719,0.352551985
660,54.5103283,-5.44034,-12.82,0.287804878,0.379332073
661,54.5103633,-5.4403533,-12.82,0.289305816,0.416509137
662,54.5103983,-5.4403666,-12.91,0.294559099,0.412728418
663,54.5104333,-5.4403816,-12.91,0.272045028,0.391619408
664,54.5104666,-5.4403966,-13.01,0.276547842,0.362318841
665,54.5105016,-5.44041,-12.91,0.280300188,0.397290485
666,54.5105366,-5.440425,-12.91,0.25891182,0.387523629
667,54.5105716,-5.44044,-12.91,0.246904315,0.392879647
668,54.5106066,-5.440455,-12.91,0.253658537,0.407687461
669,54.5106416,-5.44047,-12.82,0.256660413,0.40957782
670,54.5106766,-5.440485,-12.82,0.257786116,0.391619408
671,54.5109433,-5.439345,-13.59,0.390243902,0.414303718
672,54.5109183,-5.439315,-13.3,0.368855535,0.490233144
673,54.51089,-5.43929,-13.2,0.369606004,0.460617517
674,54.51086,-5.439265,-13.3,0.387242026,0.436672968
675,54.5108333,-5.4392366,-13.39,0.376360225,0.476055451
676,54.5108,-5.439215,-13.39,0.378986867,0.467233774
677,54.5107716,-5.4391866,-13.39,0.389868668,0.439193447
678,54.5107416,-5.4391633,-13.39,0.368105066,0.452425961
679,54.5107166,-5.439135,-13.39,0.369606004,0.471014493
680,54.5106883,-5.43911,-13.49,0.367729831,0.448330183
681,54.51066,-5.4390833,-13.3,0.371857411,0.47700063
682,54.5106316,-5.4390599,-13.39,0.357598499,0.475425331
683,54.510605,-5.4390333,-13.39,0.383489681,0.503780718
684,54.5105816,-5.439,-13.39,0.389868668,0.494959042
685,54.5105583,-5.43897,-13.3,0.354221388,0.450850662
686,54.51053,-5.4389483,-13.39,0.339587242,0.436042848
687,54.5105016,-5.4389266,-13.3,0.368855535,0.451165721
688,54.5104716,-5.4389083,-13.49,0.344465291,0.517013233
689,54.5104433,-5.4388883,-13.3,0.344465291,0.527725268
690,54.510415,-5.4388666,-13.3,0.390619137,0.465343415
691,54.510385,-5.438845,-13.49,0.387242026,0.451795841
692,54.5103566,-5.4388249,-13.39,0.384615385,0.478890989
693,54.5103266,-5.4388083,-13.39,0.396247655,0.47794581
694,54.5102916,-5.4388016,-13.2,0.373358349,0.447069943
695,54.5102583,-5.4387916,-13.49,0.399624765,0.417769376
696,54.5102233,-5.4387833,-13.3,0.354971857,0.448960302
697,54.51019,-5.43877,-13.3,0.346716698,0.465973535
698,54.5101566,-5.4387566,-13.39,0.37673546,0.482671708
699,54.510125,-5.4387433,-13.3,0.370731707,0.482041588
700,54.5100933,-5.4387299,-13.3,0.385365854,0.465343415
701,54.5100633,-5.43871,-13.2,0.393245779,0.460932577
702,54.51003,-5.4387033,-13.3,0.367354597,0.47637051
703,54.5099983,-5.4386883,-13.3,0.378986867,0.519218652
704,54.5099683,-5.43867,-13.39,0.366228893,0.480466289
705,54.50994,-5.4386516,-13.3,0.367729831,0.482356648
706,54.5099116,-5.4386316,-13.3,0.406754221,0.476055451
707,54.5098766,-5.438625,-13.3,0.401500938,0.488027725
708,54.5098416,-5.4386166,-13.3,0.384990619,0.493068683
709,54.5098083,-5.4386066,-13.39,0.364727955,0.471644612
710,54.509775,-5.438595,-13.2,0.366979362,0.479521109
711,54.5097416,-5.4385833,-13.1,0.396998124,0.456206679
712,54.5097116,-5.43857,-13.2,0.386866792,0.456206679
713,54.5096783,-5.4385583,-13.3,0.35684803,0.467548834
714,54.5096483,-5.4385416,-13.3,0.355347092,0.428796471
715,54.5096183,-5.4385233,-13.3,0.4,0.443919345
716,54.50959,-5.438505,-13.3,0.385365854,0.473219912
717,54.5095566,-5.4384916,-13.3,0.372983114,0.490233144
718,54.5095266,-5.4384733,-13.2,0.406003752,0.502205419
719,54.5094983,-5.4384566,-13.2,0.383114447,0.427851292
720,54.50946,-5.4384566,-13.2,0.358724203,0.428481411
721,54.5094266,-5.438445,-13.3,0.35684803,0.47731569
722,54.509395,-5.43843,-13.1,0.359099437,0.468178954
723,54.5093633,-5.4384183,-13.2,0.378986867,0.456836799
724,54.50933,-5.4384066,-13.3,0.383864916,0.441083806
725,54.5092966,-5.438395,-13.3,0.393621013,0.412728418
726,54.509265,-5.4383816,-13.1,0.374484053,0.465658475
727,54.5092316,-5.43837,-13.01,0.367354597,0.474795211
728,54.5092,-5.4383549,-13.1,0.351219512,0.433207309
729,54.5091683,-5.4383416,-13.1,0.361350844,0.446439824
730,54.509135,-5.4383283,-13.3,0.344840525,0.462192817
731,54.5091033,-5.4383133,-13.2,0.322326454,0.50094518
732,54.5090716,-5.4382983,-13.2,0.348217636,0.497794581
733,54.5090383,-5.4382883,-13.2,0.359849906,0.456206679
734,54.5090066,-5.4382733,-13.2,0.359099437,0.462822936
735,54.508975,-5.43826,-13.2,0.375984991,0.473534972
736,54.5089433,-5.438245,-13.1,0.346716698,0.441398866
737,54.5089116,-5.43823,-13.2,0.321575985,0.43131695
738,54.5088783,-5.4382166,-13.1,0.340712946,0.443919345
739,54.5088466,-5.4382033,-13.2,0.349718574,0.439193447
740,54.508815,-5.4381883,-13.2,0.327204503,0.398235665
741,54.5087816,-5.4381733,-13.01,0.32945591,0.427536232
742,54.5087483,-5.4381566,-13.1,0.331332083,0.482986767
743,54.5087166,-5.43814,-13.2,0.317448405,0.457151859
744,54.508685,-5.4381233,-13.1,0.310694184,0.443919345
745,54.5086566,-5.4381016,-13.01,0.315572233,0.427221172
746,54.5086283,-5.4380766,-13.1,0.324953096,0.423755514
747,54.5086,-5.438055,-13.01,0.327204503,0.510081916
748,54.50857,-5.438035,-13.1,0.348968105,0.491493384
749,54.50854,-5.4380166,-13.2,0.332833021,0.423440454
750,54.50851,-5.4379966,-13.1,0.339212008,0.480781348
751,54.5084783,-5.4379766,-13.1,0.344465291,0.43068683
752,54.5084483,-5.437955,-13.1,0.343714822,0.403906742
753,54.5084166,-5.4379433,-13.01,0.366604128,0.45400126
754,54.5083833,-5.43793,-13.01,0.36097561,0.43100189
755,54.5083516,-5.437915,-13.1,0.357973734,0.396345306
756,54.508325,-5.437885,-13.2,0.327579737,0.389098929
757,54.5082966,-5.4378616,-13.1,0.323827392,0.442028986
758,54.5082666,-5.4378416,-13.01,0.332457786,0.466918715
759,54.5082566,-5.437775,-13.01,0.333958724,0.452110901
760,54.5082233,-5.437765,-13.1,0.367354597,0.420604915
761,54.5081983,-5.437735,-13.01,0.343339587,0.420289855
762,54.508165,-5.43772,-13.1,0.327954972,0.442974165
763,54.50814,-5.437685,-13.2,0.344465291,0.444234405
764,54.5081166,-5.437645,-13.2,0.314821764,0.449590422
765,54.5080916,-5.4376083,-13.1,0.300938086,0.439193447
766,54.5080633,-5.43758,-13.1,0.310318949,0.411783239
767,54.5080383,-5.4375466,-13.1,0.329080675,0.383112791
768,54.5080083,-5.4375266,-13.2,0.335834897,0.382167612
769,54.5079816,-5.4374933,-13.1,0.326078799,0.43100189
770,54.5079516,-5.43747,-13.01,0.338086304,0.462822936
771,54.5079233,-5.43745,-13.2,0.315196998,0.43257719
772,54.5078966,-5.4374233,-13.1,0.32120075,0.438248267
773,54.5078683,-5.4373983,-13.2,0.344840525,0.481726528
774,54.5078366,-5.4373783,-13.2,0.318574109,0.464083176
775,54.5078066,-5.4373566,-13.2,0.296060038,0.434467549
776,54.5077766,-5.437335,-13.2,0.31369606,0.394139887
777,54.5077466,-5.4373133,-13.1,0.308818011,0.394454946
778,54.5077166,-5.43729,-13.01,0.334333959,0.373660996
779,54.5076883,-5.4372683,-13.2,0.356472795,0.375551355
780,54.5076583,-5.4372466,-13.2,0.318574109,0.459672338
781,54.50763,-5.4372216,-13.2,0.331332083,0.463453056
782,54.5076,-5.4372016,-13.2,0.339962477,0.445494644
783,54.50757,-5.43718,-13.2,0.316322702,0.413358538
784,54.5075416,-5.4371566,-13.2,0.34521576,0.43289225
785,54.5075116,-5.4371366,-13.1,0.380487805,0.45494644
786,54.5074816,-5.4371133,-13.2,0.353470919,0.440768746
787,54.50745,-5.43709,-13.2,0.323827392,0.417769376
788,54.50742,-5.4370683,-13.2,0.326078799,0.426275992
789,54.5073883,-5.4370483,-13.3,0.336585366,0.442659105
790,54.5073583,-5.4370266,-13.2,0.331707317,0.43257719
791,54.5073283,-5.437005,-13.2,0.322701689,0.411783239
792,54.5072983,-5.436985,-13.2,0.313320826,0.402016383
793,54.5072683,-5.436965,-13.2,0.294183865,0.424070573
794,54.5072366,-5.436945,-13.2,0.310694184,0.418714556
795,54.5072066,-5.4369266,-13.1,0.345590994,0.40831758
796,54.507175,-5.4369083,-13.3,0.339962477,0.414303718
797,54.5071433,-5.4368883,-13.2,0.342213884,0.457466919
798,54.5071133,-5.4368683,-13.2,0.363602251,0.472274732
799,54.5070816,-5.43685,-13.1,0.357973734,0.458727158
800,54.50705,-5.4368316,-13.2,0.342589118,0.446124764
801,54.50702,-5.4368133,-13.1,0.338461538,0.479521109
802,54.5069883,-5.4367933,-13.1,0.351969981,0.482986767
803,54.5069566,-5.436775,-13.2,0.365853659,0.429111531
804,54.506925,-5.4367566,-13.2,0.333958724,0.423440454
805,54.5068933,-5.43674,-13.1,0.345966229,0.490548204
806,54.5068633,-5.4367216,-13.01,0.361350844,0.471959672
807,54.5068316,-5.436705,-13.2,0.397373358,0.435727788
808,54.5068,-5.4366866,-13.1,0.3684803,0.412413359
809,54.5067683,-5.436675,-13.1,0.378236398,0.446439824
810,54.5067366,-5.4366616,-13.1,0.361350844,0.435097669
811,54.5067066,-5.4366433,-13.01,0.323076923,0.445179584
812,54.5066766,-5.4366233,-13.01,0.339587242,0.480466289
813,54.506645,-5.4366066,-13.01,0.356097561,0.460617517
814,54.5066116,-5.4365933,-13.01,0.346716698,0.445179584
815,54.50658,-5.43658,-13.01,0.306941839,0.495904222
816,54.5065483,-5.436565,-13.01,0.31369606,0.47731569
817,54.5065166,-5.4365533,-12.91,0.334333959,0.449590422
818,54.5064833,-5.43654,-12.91,0.328705441,0.461562697
819,54.5064516,-5.4365266,-12.91,0.320825516,0.4536862
820,54.50642,-5.4365116,-12.82,0.331707317,0.452425961
821,54.5063883,-5.436495,-12.82,0.32195122,0.474165091
822,54.5063566,-5.43648,-12.82,0.329831144,0.452425961
823,54.506325,-5.4364633,-12.82,0.326829268,0.465028355
824,54.5062933,-5.43645,-12.72,0.332457786,0.483931947
825,54.5062616,-5.436435,-12.72,0.348968105,0.435412728
826,54.50623,-5.43642,-12.72,0.338086304,0.40800252
827,54.5061983,-5.4364066,-12.72,0.338086304,0.468809074
828,54.506165,-5.4363916,-12.72,0.345590994,0.474165091
829,54.5061333,-5.4363766,-12.62,0.346716698,0.446754883
830,54.5061,-5.4363616,-12.62,0.342964353,0.456206679
831,54.5060683,-5.4363483,-12.53,0.353095685,0.436672968
832,54.506035,-5.4363333,-12.53,0.342589118,0.438248267
833,54.5060033,-5.4363183,-12.43,0.33358349,0.486452426
834,54.5059716,-5.436305,-12.53,0.288930582,0.450850662
835,54.5059383,-5.4362916,-12.43,0.330956848,0.448645243
836,54.5059066,-5.4362783,-12.43,0.357598499,0.438878387
837,54.505875,-5.436265,-12.43,0.3369606,0.481096408
838,54.5058433,-5.4362516,-12.24,0.328330206,0.469754253
839,54.50581,-5.43624,-12.14,0.304315197,0.436042848
840,54.5057766,-5.4362283,-12.33,0.330581614,0.439823566
841,54.505745,-5.4362166,-12.24,0.344840525,0.416194077
842,54.5057116,-5.4362033,-12.14,0.32195122,0.45494644
843,54.5056783,-5.4361916,-12.24,0.341838649,0.462192817
844,54.505645,-5.4361783,-12.24,0.355347092,0.481096408
845,54.5056116,-5.4361666,-12.14,0.353846154,0.50031506
846,54.50558,-5.436155,-12.14,0.333958724,0.47731569
847,54.5055466,-5.4361416,-11.66,0.32532833,0.451165721
848,54.5055133,-5.43613,-12.04,0.329831144,0.4552615
849,54.50548,-5.4361183,-12.04,0.312195122,0.456836799
850,54.5054483,-5.4361066,-12.04,0.316697936,0.439193447
851,54.505415,-5.436095,-11.85,0.315947467,0.405482042
852,54.5053816,-5.4360799,-12.04,0.295309568,0.389413989
853,54.5053483,-5.4360666,-11.95,0.334333959,0.403591682
854,54.5053166,-5.4360533,-11.95,0.340712946,0.412098299
855,54.5052833,-5.43604,-11.85,0.316322702,0.426591052
856,54.50525,-5.4360266,-11.95,0.323452158,0.426906112
857,54.5052166,-5.4360133,-11.95,0.328705441,0.429426591
858,54.5051833,-5.436,-11.66,0.322701689,0.424070573
859,54.5051516,-5.4359849,-11.85,0.324577861,0.433207309
860,54.5051183,-5.43597,-11.85,0.30956848,0.427221172
861,54.5050866,-5.4359566,-11.95,0.303189493,0.415563957
862,54.5050533,-5.4359416,-11.85,0.318949343,0.417139256
863,54.50502,-5.4359283,-11.76,0.302439024,0.436357908
864,54.5049866,-5.4359133,-11.85,0.314821764,0.443289225
865,54.504955,-5.4358966,-11.85,0.284052533,0.452425961
866,54.5049216,-5.43588,-11.85,0.246153846,0.427221172
867,54.5048883,-5.435865,-11.76,0.252532833,0.405482042
868,54.5048566,-5.4358483,-11.85,0.260412758,0.40926276
869,54.504825,-5.4358316,-11.85,0.276547842,0.381852552
870,54.5047916,-5.435815,-11.76,0.280300188,0.377126654
871,54.50476,-5.4357966,-11.76,0.280675422,0.383427851
872,54.5047266,-5.4357783,-11.76,0.257786116,0.416824197
873,54.5046983,-5.435755,-11.85,0.274296435,0.402016383
874,54.5046633,-5.4357416,-11.85,0.296060038,0.360428481
875,54.50463,-5.435725,-11.76,0.29043152,0.392879647
876,54.5045966,-5.43571,-11.85,0.270919325,0.390989288
877,54.5045633,-5.4356933,-11.76,0.261538462,0.350031506
878,54.5045333,-5.4356683,-11.76,0.257410882,0.346565848
879,54.5045033,-5.4356483,-11.85,0.278424015,0.418714556
880,54.5044716,-5.4356283,-11.76,0.285553471,0.414303718
881,54.50444,-5.4356099,-11.76,0.279174484,0.398550725
882,54.5044066,-5.4355933,-11.76,0.272045028,0.388153749
883,54.504375,-5.4355733,-11.76,0.284052533,0.376181474
884,54.5043416,-5.4355533,-11.85,0.284803002,0.379332073
885,54.50431,-5.435535,-11.76,0.288930582,0.38720857
886,54.5042783,-5.4355166,-11.76,0.308818011,0.397290485
887,54.5042466,-5.4354966,-11.66,0.298311445,0.389729049
888,54.504215,-5.4354783,-11.66,0.288180113,0.362003781
889,54.5041833,-5.43546,-11.66,0.288930582,0.373660996
890,54.5041516,-5.43544,-11.66,0.260037523,0.392564587
891,54.50412,-5.43542,-11.76,0.255159475,0.369880277
892,54.5040883,-5.4353999,-11.76,0.26641651,0.362003781
893,54.5040566,-5.43538,-11.66,0.268667917,0.382482672
894,54.504025,-5.43536,-11.66,0.276172608,0.379332073
895,54.5039916,-5.43534,-11.66,0.311444653,0.404536862
896,54.50396,-5.43532,-11.66,0.299437148,0.390044108
897,54.5039283,-5.4353,-11.66,0.28630394,0.373345936
898,54.5038966,-5.43528,-11.56,0.275046904,0.38720857
899,54.503865,-5.43526,-11.66,0.268292683,0.352867045
900,54.503835,-5.43524,-11.66,0.272045028,0.368304978
901,54.5038033,-5.43522,-11.56,0.27467167,0.40957782
902,54.5037716,-5.4352,-11.66,0.278424015,0.40831758
903,54.50374,-5.43518,-11.56,0.291932458,0.374291115
904,54.5037083,-5.4351583,-11.56,0.300562852,0.367044739
905,54.5036783,-5.4351383,-11.56,0.321575985,0.356017643
906,54.5036466,-5.4351166,-11.56,0.291181989,0.380592313
907,54.503615,-5.4350966,-11.47,0.2630394,0.373030876
908,54.5035833,-5.435075,-11.47,0.275797373,0.345935728
909,54.5035516,-5.435055,-11.47,0.290806754,0.355387524
910,54.5035216,-5.4350316,-11.56,0.298686679,0.373030876
911,54.50349,-5.435005,-11.47,0.300938086,0.394770006
912,54.5034583,-5.4349766,-11.56,0.289681051,0.38594833
913,54.5034283,-5.4349516,-11.47,0.297185741,0.358223062
914,54.5033966,-5.4349266,-11.47,0.308818011,0.353182105
915,54.5033666,-5.4349,-11.47,0.291181989,0.353182105
916,54.503335,-5.43488,-11.47,0.27804878,0.359483302
917,54.5033033,-5.4348566,-11.47,0.261538462,0.359483302
918,54.5032716,-5.4348316,-11.47,0.295684803,0.379647133
919,54.5032416,-5.4348083,-11.37,0.285928705,0.399495904
920,54.50321,-5.434785,-11.47,0.280300188,0.364839319
921,54.50318,-5.4347633,-11.37,0.271294559,0.365154379
922,54.50315,-5.43474,-11.47,0.264165103,0.365784499
923,54.5031183,-5.434715,-11.47,0.276172608,0.367044739
924,54.5030883,-5.4346933,-11.47,0.26641651,0.359798362
925,54.5030566,-5.4346683,-11.37,0.251031895,0.374291115
926,54.5030266,-5.434645,-11.37,0.266041276,0.348141147
927,54.502995,-5.4346183,-11.47,0.276547842,0.333963453
928,54.502965,-5.4345916,-11.37,0.260787992,0.347511027
929,54.5029333,-5.4345733,-11.37,0.255909944,0.351291745
930,54.5029016,-5.4345433,-11.37,0.256660413,0.364839319
931,54.5028716,-5.4345233,-11.47,0.228893058,0.370510397
932,54.50284,-5.4344983,-11.37,0.249906191,0.353812224
933,54.50281,-5.4344683,-11.37,0.279924953,0.356647763
934,54.5027783,-5.4344433,-11.37,0.287054409,0.355702583
935,54.5027483,-5.4344133,-11.27,0.266791745,0.347195967
936,54.5027183,-5.434385,-11.27,0.271294559,0.324826717
937,54.5026866,-5.434365,-11.37,0.264165103,0.34057971
938,54.502655,-5.4343433,-11.37,0.245028143,0.370825457
939,54.502625,-5.4343216,-11.37,0.251407129,0.378701953
940,54.5025933,-5.4343,-11.37,0.251031895,0.3642092
941,54.5025616,-5.4342783,-11.37,0.261538462,0.377756774
942,54.50253,-5.4342566,-11.27,0.282926829,0.366729679
943,54.5025,-5.4342333,-11.37,0.280675422,0.342155009
944,54.5024683,-5.4342116,-11.27,0.275046904,0.34026465
945,54.5024383,-5.4341916,-11.27,0.280675422,0.345935728
946,54.5024066,-5.43417,-11.37,0.28630394,0.36389414
947,54.502375,-5.43415,-11.27,0.29793621,0.394454946
948,54.502345,-5.4341316,-11.27,0.304315197,0.374291115
949,54.5023133,-5.43411,-11.27,0.284427767,0.368304978
950,54.5022833,-5.43409,-11.18,0.251782364,0.381852552
951,54.5022516,-5.4340716,-11.27,0.241651032,0.376496534
952,54.5022216,-5.4340516,-11.27,0.251031895,0.350661626
953,54.50219,-5.4340316,-11.18,0.250281426,0.353182105
954,54.5021583,-5.4340116,-11.27,0.238273921,0.333648393
955,54.5021266,-5.4339933,-11.27,0.254033771,0.333648393
956,54.502095,-5.433975,-11.27,0.276172608,0.36389414
957,54.5020633,-5.433955,-11.18,0.275797373,0.369565217
958,54.5020316,-5.4339366,-11.18,0.280300188,0.377441714
959,54.5019983,-5.4339233,-11.08,0.25478424,0.357277883
960,54.5019683,-5.433905,-11.27,0.265290807,0.353182105
961,54.501935,-5.4338866,-11.18,0.23902439,0.36294896
962,54.5019033,-5.4338683,-11.08,0.236772983,0.377756774
963,54.50187,-5.4338516,-11.08,0.258536585,0.376496534
964,54.5018383,-5.433835,-11.18,0.286679174,0.367359798
965,54.501805,-5.4338166,-11.18,0.304690432,0.374921235
966,54.5017733,-5.4337983,-11.08,0.261538462,0.362318841
967,54.5017416,-5.4337799,-11.18,0.257035647,0.3626339
968,54.5017133,-5.4337533,-11.08,0.272420263,0.356017643
969,54.5016766,-5.4337416,-11.08,0.267917448,0.322936358
970,54.5016433,-5.4337266,-11.08,0.23902439,0.33994959
971,54.5016083,-5.4337116,-11.08,0.260412758,0.384057971
972,54.501575,-5.433695,-11.18,0.281425891,0.38594833
973,54.5015416,-5.4336783,-10.98,0.266791745,0.357277883
974,54.5015083,-5.4336633,-10.98,0.263414634,0.337744171
975,54.501475,-5.433645,-11.08,0.250281426,0.331127914
976,54.5014433,-5.43363,-11.08,0.249155722,0.335223693
977,54.50141,-5.433615,-10.98,0.266041276,0.333018273
978,54.5013766,-5.4336,-10.89,0.253283302,0.320730939
979,54.5013433,-5.433585,-11.08,0.24727955,0.313169502
980,54.5013116,-5.4335683,-11.08,0.246904315,0.327032136
981,54.5012783,-5.4335533,-10.98,0.248405253,0.34089477
982,54.501245,-5.4335366,-10.98,0.254033771,0.343415249
983,54.5012116,-5.4335216,-10.98,0.251031895,0.332388154
984,54.5011783,-5.433505,-10.89,0.228142589,0.354127284
985,54.501145,-5.43349,-10.89,0.226266417,0.366099559
986,54.5011133,-5.4334749,-10.89,0.24315197,0.31915564
987,54.50108,-5.4334583,-10.89,0.240150094,0.310649023
988,54.5010466,-5.4334416,-10.89,0.2315197,0.322936358
989,54.5010133,-5.4334266,-10.79,0.253658537,0.366099559
990,54.5009816,-5.43341,-10.79,0.243527205,0.36357908
991,54.50095,-5.4333933,-10.89,0.226266417,0.323881537
992,54.5009166,-5.4333783,-10.89,0.26641651,0.324196597
993,54.500885,-5.4333616,-10.79,0.257410882,0.315689981
994,54.5008516,-5.433345,-10.89,0.231144465,0.315059861
995,54.5008183,-5.43333,-10.79,0.242401501,0.362318841
996,54.5007866,-5.4333133,-10.79,0.261163227,0.362003781
997,54.500755,-5.4332966,-10.79,0.252532833,0.31884058
998,54.5007216,-5.43328,-10.79,0.236772983,0.322306238
999,54.50069,-5.4332616,-10.7,0.234146341,0.322621298
1000,54.5006583,-5.4332433,-10.79,0.228142589,0.311909263
1001,54.500625,-5.4332266,-10.79,0.215384615,0.321991178
1002,54.5005933,-5.43321,-10.7,0.244652908,0.337114052
1003,54.5005616,-5.4331933,-10.7,0.259662289,0.313169502
1004,54.50053,-5.4331733,-10.79,0.255534709,0.319470699
1005,54.5004983,-5.433155,-10.7,0.264915572,0.347195967
1006,54.5004666,-5.4331366,-10.6,0.240900563,0.345305608
1007,54.5004333,-5.4331183,-10.7,0.245778612,0.312539382
1008,54.5004016,-5.4330999,-10.7,0.246529081,0.292060491
1009,54.50037,-5.43308,-10.7,0.236022514,0.311279143
1010,54.5003366,-5.4330633,-10.7,0.222889306,0.321361059
1011,54.5003066,-5.433045,-10.6,0.234521576,0.344675488
1012,54.5002733,-5.4330283,-10.7,0.234146341,0.305293006
1013,54.5002416,-5.43301,-10.6,0.207129456,0.278512917
1014,54.50021,-5.4329916,-10.5,0.199249531,0.288594833
1015,54.5001783,-5.43297,-10.6,0.210881801,0.279143037
1016,54.5001483,-5.4329483,-10.5,0.210506567,0.267485822
1017,54.5001166,-5.4329266,-10.6,0.175609756,0.252362949
1018,54.500085,-5.4329066,-10.5,0.174484053,0.275992439
1019,54.5000566,-5.4328816,-10.5,0.190243902,0.282608696
1020,54.5000266,-5.4328583,-10.5,0.189118199,0.282293636
1021,54.4999966,-5.4328366,-10.5,0.174108818,0.299306868
1022,54.4999666,-5.432815,-10.41,0.18011257,0.293320731
1023,54.499935,-5.4327933,-10.5,0.190243902,0.283868935
1024,54.4999033,-5.4327716,-10.5,0.171482176,0.277567738
1025,54.49987,-5.432755,-10.41,0.148592871,0.277567738
1026,54.4998383,-5.4327333,-10.41,0.145966229,0.27221172
1027,54.4998066,-5.43271,-10.5,0.169981238,0.267800882
1028,54.499775,-5.4326883,-10.5,0.172983114,0.269691241
1029,54.499745,-5.432665,-10.41,0.166228893,0.264335224
1030,54.4997116,-5.4326433,-10.41,0.154596623,0.264650284
1031,54.49968,-5.4326216,-10.31,0.140337711,0.266855703
1032,54.4996483,-5.4326,-10.31,0.149718574,0.268746062
1033,54.4996133,-5.4325866,-10.41,0.144840525,0.268431002
1034,54.4995816,-5.4325683,-10.5,0.137711069,0.265595463
1035,54.49955,-5.4325466,-10.41,0.148968105,0.261184625
1036,54.4995183,-5.432525,-10.41,0.155347092,0.264335224
1037,54.4994866,-5.4325,-10.41,0.141838649,0.268746062
1038,54.4994566,-5.432475,-10.41,0.135459662,0.260554505
1039,54.499425,-5.43245,-10.31,0.148217636,0.276622558
1040,54.4993933,-5.4324283,-10.31,0.138461538,0.286704474
1041,54.4993616,-5.432405,-10.31,0.13358349,0.286704474
1042,54.49933,-5.43238,-10.31,0.126829268,0.279143037
1043,54.4992983,-5.4323566,-10.41,0.139212008,0.285129175
1044,54.4992666,-5.4323333,-10.41,0.118949343,0.274732199
1045,54.499235,-5.43231,-10.41,0.118198874,0.271581601
1046,54.4992033,-5.432285,-10.5,0.134709193,0.264650284
1047,54.4991716,-5.4322633,-10.41,0.127204503,0.278197858
1048,54.49914,-5.43224,-10.41,0.118949343,0.284814115
1049,54.4991083,-5.4322183,-10.31,0.120825516,0.284183995
1050,54.4990766,-5.432195,-10.41,0.138086304,0.275677379
1051,54.4990433,-5.4321733,-10.41,0.132457786,0.24984247
1052,54.4990116,-5.4321516,-10.41,0.129080675,0.258979206
1053,54.49898,-5.4321283,-10.5,0.135084428,0.25047259
1054,54.4989483,-5.4321083,-10.41,0.1369606,0.248582231
1055,54.4989166,-5.4320866,-10.41,0.138836773,0.255198488
1056,54.498885,-5.432065,-10.5,0.120450281,0.274417139
1057,54.4988533,-5.4320416,-10.5,0.124202627,0.275992439
1058,54.498825,-5.4320116,-10.41,0.142589118,0.29458097
1059,54.4987966,-5.4319816,-10.41,0.127204503,0.306553245
1060,54.49877,-5.4319483,-10.41,0.126078799,0.289540013
1061,54.499065,-5.430655,-11.85,0.174859287,0.31915564
1062,54.499095,-5.43067,-11.85,0.170356473,0.327032136
1063,54.4991266,-5.430685,-11.95,0.174108818,0.333018273
1064,54.4991566,-5.430695,-11.85,0.20750469,0.310964083
1065,54.4991866,-5.4307083,-11.85,0.21988743,0.322621298
1066,54.49922,-5.4307216,-11.85,0.203752345,0.293635791
1067,54.4992516,-5.4307383,-11.85,0.204878049,0.306238185
1068,54.4992833,-5.430755,-11.95,0.212007505,0.343730309
1069,54.499315,-5.4307716,-11.85,0.205253283,0.359483302
1070,54.4993466,-5.4307866,-11.76,0.214634146,0.379332073
1071,54.4993783,-5.4308066,-11.85,0.236022514,0.367989918
1072,54.49941,-5.4308249,-11.95,0.246904315,0.350346566
1073,54.4994416,-5.4308416,-11.95,0.23564728,0.355702583
1074,54.4994733,-5.43086,-11.85,0.232270169,0.361688721
1075,54.499505,-5.43088,-11.76,0.253283302,0.405166982
1076,54.4995366,-5.4309,-11.95,0.243902439,0.391934468
1077,54.4995683,-5.43092,-11.95,0.237148218,0.34026465
1078,54.4996,-5.4309416,-11.76,0.24727955,0.343415249
1079,54.4996316,-5.4309633,-11.85,0.246904315,0.364839319
1080,54.4996633,-5.4309833,-11.85,0.23902439,0.356332703
1081,54.4996966,-5.4310033,-11.85,0.232645403,0.333648393
1082,54.49973,-5.4310266,-11.85,0.227767355,0.344675488
1083,54.4997633,-5.431045,-11.85,0.23564728,0.336483932
1084,54.499795,-5.4310666,-11.85,0.216135084,0.371770636
1085,54.4998283,-5.4310866,-11.95,0.230018762,0.368620038
1086,54.4998616,-5.4311066,-11.95,0.248405253,0.349086326
1087,54.499895,-5.4311266,-11.85,0.25478424,0.338059231
1088,54.4999266,-5.4311466,-11.95,0.254409006,0.368935098
1089,54.49996,-5.431165,-11.85,0.234521576,0.379962193
1090,54.4999933,-5.431185,-11.95,0.219512195,0.385003151
1091,54.500025,-5.4312066,-11.85,0.214634146,0.383112791
1092,54.5000583,-5.4312266,-11.95,0.231144465,0.376181474
1093,54.5000916,-5.4312466,-11.85,0.242026266,0.3626339
1094,54.500125,-5.4312683,-11.85,0.219136961,0.327032136
1095,54.5001583,-5.43129,-11.95,0.22326454,0.339004411
1096,54.5001916,-5.4313116,-11.85,0.238649156,0.372085696
1097,54.500225,-5.431335,-11.95,0.245403377,0.362003781
1098,54.5002583,-5.4313583,-11.85,0.249906191,0.365784499
1099,54.5002916,-5.431375,-11.85,0.252532833,0.366099559
1100,54.5003233,-5.4314,-11.76,0.251031895,0.359798362
1101,54.500355,-5.4314216,-11.85,0.229268293,0.343415249
1102,54.5003883,-5.431445,-11.85,0.232270169,0.348141147
1103,54.50042,-5.4314666,-11.85,0.240525328,0.339319471
1104,54.5004533,-5.43149,-11.85,0.25891182,0.324511657
1105,54.500485,-5.43151,-11.85,0.246529081,0.334908633
1106,54.5005166,-5.4315316,-11.85,0.240525328,0.350346566
1107,54.50055,-5.4315566,-11.85,0.256660413,0.393509767
1108,54.5005833,-5.4315766,-11.85,0.246529081,0.400126024
1109,54.500615,-5.4316,-11.76,0.238273921,0.373030876
1110,54.5006483,-5.4316216,-11.85,0.251407129,0.33994959
1111,54.50068,-5.4316433,-11.85,0.261538462,0.348141147
1112,54.5007133,-5.431665,-11.85,0.239774859,0.332388154
1113,54.5007466,-5.4316883,-11.85,0.245403377,0.311594203
1114,54.50078,-5.43171,-11.76,0.258161351,0.338374291
1115,54.5008133,-5.4317316,-11.85,0.257035647,0.367989918
1116,54.5008466,-5.431755,-11.85,0.251031895,0.359168242
1117,54.50088,-5.4317783,-11.85,0.255909944,0.358538122
1118,54.5009133,-5.4318016,-11.85,0.249530957,0.342155009
1119,54.5009466,-5.4318233,-11.85,0.252157598,0.326717076
1120,54.5009783,-5.4318433,-11.85,0.275797373,0.353812224
1121,54.5010116,-5.4318633,-11.85,0.290056285,0.389413989
1122,54.501045,-5.431885,-11.85,0.268292683,0.377756774
1123,54.5010783,-5.43191,-11.85,0.257035647,0.371770636
1124,54.50111,-5.43193,-11.76,0.249906191,0.380592313
1125,54.5011416,-5.4319499,-11.85,0.224390244,0.374606175
1126,54.5011733,-5.4319733,-11.85,0.239774859,0.344675488
1127,54.5012083,-5.4319966,-11.76,0.24315197,0.342470069
1128,54.50124,-5.4320166,-11.85,0.245778612,0.346880907
1129,54.5012733,-5.43204,-11.76,0.234896811,0.327977316
1130,54.5013066,-5.43206,-11.66,0.231894934,0.326402016
1131,54.5013416,-5.4320816,-11.85,0.237523452,0.349086326
1132,54.5013733,-5.4321016,-11.76,0.25478424,0.383427851
1133,54.5014083,-5.4321216,-11.76,0.244652908,0.372400756
1134,54.5014416,-5.4321433,-11.76,0.224765478,0.372085696
1135,54.501475,-5.4321633,-11.85,0.236772983,0.378386894
1136,54.50151,-5.4321833,-11.85,0.216510319,0.376811594
1137,54.5015433,-5.4322033,-11.76,0.202626642,0.358853182
1138,54.5015766,-5.4322233,-11.76,0.228517824,0.332073094
1139,54.50161,-5.4322433,-11.76,0.249155722,0.331758034
1140,54.50164,-5.4322566,-11.85,0.258161351,0.359483302
1141,54.5016733,-5.4322766,-11.85,0.249530957,0.370195337
1142,54.5017083,-5.4322966,-11.76,0.230393996,0.336798992
1143,54.5017416,-5.4323183,-11.85,0.243902439,0.306553245
1144,54.501775,-5.4323383,-11.66,0.243902439,0.335223693
1145,54.5018083,-5.4323583,-11.76,0.23902439,0.367044739
1146,54.5018416,-5.4323766,-11.76,0.240525328,0.353182105
1147,54.501875,-5.4323983,-11.66,0.247654784,0.345305608
1148,54.5019083,-5.4324183,-11.76,0.254409006,0.378701953
1149,54.5019433,-5.43244,-11.76,0.252532833,0.365154379
1150,54.5019766,-5.4324616,-11.76,0.25478424,0.339319471
1151,54.5020083,-5.4324783,-11.66,0.244277674,0.345935728
1152,54.5020416,-5.4324966,-11.66,0.230393996,0.349086326
1153,54.5020766,-5.4325166,-11.66,0.226266417,0.377441714
1154,54.5021083,-5.4325333,-11.76,0.228893058,0.393194707
1155,54.5021416,-5.43255,-11.66,0.25065666,0.366414619
1156,54.502175,-5.4325716,-11.76,0.245778612,0.356962823
1157,54.50221,-5.43259,-11.76,0.244652908,0.339004411
1158,54.5022433,-5.4326116,-11.76,0.244652908,0.326086957
1159,54.5022766,-5.4326333,-11.66,0.242776735,0.34057971
1160,54.50231,-5.4326533,-11.56,0.240900563,0.343730309
1161,54.5023433,-5.43267,-11.76,0.23902439,0.357592943
1162,54.5023766,-5.4326883,-11.66,0.257035647,0.36294896
1163,54.5024083,-5.4327083,-11.66,0.240900563,0.34120983
1164,54.5024416,-5.4327283,-11.66,0.239774859,0.355072464
1165,54.502475,-5.4327466,-11.76,0.266041276,0.374291115
1166,54.5025083,-5.4327683,-11.66,0.259287054,0.372400756
1167,54.5025416,-5.43279,-11.66,0.233395872,0.381537492
1168,54.5025733,-5.4328066,-11.56,0.224765478,0.380277253
1169,54.5026066,-5.4328283,-11.66,0.237523452,0.367359798
1170,54.5026383,-5.4328433,-11.56,0.243902439,0.376181474
1171,54.5026733,-5.4328666,-11.56,0.248405253,0.373345936
1172,54.502705,-5.432885,-11.76,0.25065666,0.400756144
1173,54.5027383,-5.432895,-11.66,0.261163227,0.38531821
1174,54.5027716,-5.4329166,-11.66,0.272420263,0.378701953
1175,54.5028066,-5.43294,-11.56,0.243527205,0.390989288
1176,54.50284,-5.4329583,-11.66,0.223639775,0.40863264
1177,54.5028733,-5.4329783,-11.66,0.241275797,0.43100189
1178,54.5029066,-5.432995,-11.56,0.234521576,0.411783239
1179,54.5029416,-5.4330166,-11.66,0.248405253,0.404851922
1180,54.5029733,-5.4330366,-11.66,0.240150094,0.358538122
1181,54.5030083,-5.433055,-11.56,0.24727955,0.34152489
1182,54.5030383,-5.4330683,-11.66,0.249906191,0.351921865
1183,54.5030733,-5.4330916,-11.56,0.268667917,0.345305608
1184,54.5031066,-5.43311,-11.56,0.292682927,0.353812224
1185,54.5031416,-5.4331333,-11.66,0.262288931,0.369880277
1186,54.503175,-5.4331483,-11.66,0.260412758,0.373030876
1187,54.50321,-5.4331699,-11.66,0.272795497,0.352236925
1188,54.5032433,-5.43319,-11.56,0.271294559,0.392249527
1189,54.503275,-5.433205,-11.18,0.251782364,0.368935098
1190,54.50331,-5.433225,-11.56,0.269418386,0.336168872
1191,54.5033433,-5.433245,-11.56,0.261163227,0.331442974
1192,54.5033783,-5.4332666,-11.47,0.255159475,0.304977946
1193,54.5034116,-5.433285,-11.47,0.255159475,0.352236925
1194,54.5034433,-5.4333016,-11.47,0.266791745,0.401701323
1195,54.5034783,-5.4333216,-11.56,0.273545966,0.359168242
1196,54.5035116,-5.4333383,-11.47,0.263789869,0.34089477
1197,54.503545,-5.433355,-11.47,0.2630394,0.375236295
1198,54.5035783,-5.433375,-11.47,0.283677298,0.371455577
1199,54.5036116,-5.4333983,-11.47,0.276547842,0.357908003
1200,54.5036466,-5.43342,-11.47,0.27804878,0.350346566
1201,54.50368,-5.4334366,-11.47,0.279174484,0.391304348
1202,54.5037133,-5.4334583,-11.47,0.285178236,0.38531821
1203,54.5037466,-5.4334733,-11.47,0.272045028,0.362003781
1204,54.50378,-5.4334933,-11.47,0.260037523,0.385003151
1205,54.5038116,-5.4335083,-11.37,0.27054409,0.365469439
1206,54.5038466,-5.4335283,-11.37,0.259662289,0.384373031
1207,54.50388,-5.4335466,-11.47,0.280300188,0.412413359
1208,54.5039133,-5.4335666,-11.47,0.276923077,0.415248897
1209,54.5039483,-5.433585,-11.47,0.286679174,0.402646503
1210,54.5039816,-5.4336066,-11.47,0.266041276,0.383112791
1211,54.504015,-5.4336283,-11.37,0.248030019,0.355702583
1212,54.50405,-5.4336483,-11.47,0.236772983,0.403906742
1213,54.5040833,-5.4336666,-11.47,0.25478424,0.436988028
1214,54.5041166,-5.433685,-11.37,0.266791745,0.424700693
1215,54.50415,-5.4337033,-11.37,0.256660413,0.441083806
1216,54.5041833,-5.4337216,-11.37,0.268292683,0.465658475
1217,54.5042166,-5.4337416,-11.37,0.251782364,0.482041588
1218,54.50425,-5.43376,-11.37,0.25478424,0.452741021
1219,54.5042833,-5.4337783,-11.37,0.277673546,0.434782609
1220,54.504315,-5.433795,-11.37,0.27804878,0.433207309
1221,54.5043483,-5.4338133,-11.47,0.261163227,0.416509137
1222,54.5043833,-5.433835,-11.27,0.271669794,0.435727788
1223,54.5044183,-5.433855,-11.27,0.269793621,0.516068053
1224,54.50445,-5.4338716,-11.27,0.265666041,0.516068053
1225,54.5044833,-5.4338916,-11.37,0.304315197,0.470384373
1226,54.5045166,-5.4339116,-11.37,0.297185741,0.496849401
1227,54.5045483,-5.43393,-11.37,0.258161351,0.527410208
1228,54.5045816,-5.4339516,-11.27,0.25065666,0.513862634
1229,54.5046166,-5.4339716,-11.27,0.284803002,0.52362949
1230,54.5046483,-5.4339916,-11.18,0.278424015,0.530875866
1231,54.5046833,-5.4340116,-11.27,0.266791745,0.52173913
1232,54.504715,-5.4340316,-11.37,0.256660413,0.525834909
1233,54.5047483,-5.4340516,-11.37,0.241651032,0.52236925
1234,54.50478,-5.4340733,-11.27,0.275422139,0.526149968
1235,54.5048133,-5.4340933,-11.27,0.269793621,0.540327662
1236,54.5048466,-5.43411,-11.37,0.27054409,0.515437933
1237,54.5048783,-5.4341316,-11.47,0.279174484,0.546943919
1238,54.5049116,-5.4341533,-11.47,0.274296435,0.559231254
1239,54.504945,-5.434175,-11.47,0.285178236,0.510396975
1240,54.5049783,-5.434195,-11.47,0.288555347,0.526465028
1241,54.5050116,-5.434215,-11.56,0.279174484,0.541902962
1242,54.505045,-5.4342383,-11.56,0.28630394,0.525519849
1243,54.5050783,-5.43426,-11.56,0.294183865,0.511342155
1244,54.5051116,-5.43428,-11.56,0.302439024,0.521424071
1245,54.5051433,-5.4343016,-11.56,0.279924953,0.52205419
1246,54.505175,-5.4343216,-11.47,0.277298311,0.551984877
1247,54.5052083,-5.4343433,-11.66,0.260787992,0.557340895
1248,54.50524,-5.434365,-11.56,0.262288931,0.516698173
1249,54.5052716,-5.4343866,-11.66,0.290806754,0.549464398
1250,54.505305,-5.4344083,-11.47,0.284052533,0.611531191
1251,54.5053366,-5.4344283,-11.47,0.271294559,0.625708885
1252,54.5053683,-5.434445,-11.47,0.283677298,0.59168242
1253,54.5054,-5.434465,-11.47,0.254033771,0.550094518
1254,54.5054333,-5.4344866,-11.47,0.263789869,0.560491493
1255,54.505465,-5.4345066,-11.47,0.264915572,0.554190296
1256,54.5054983,-5.4345283,-11.37,0.276923077,0.563957152
1257,54.5055316,-5.43455,-11.37,0.27467167,0.540957782
1258,54.505565,-5.4345733,-11.37,0.275422139,0.546943919
1259,54.5055983,-5.4345966,-11.37,0.287804878,0.553875236
1260,54.50563,-5.43462,-11.47,0.28630394,0.507876497
1261,54.5056633,-5.4346416,-11.47,0.294183865,0.577504726
1262,54.505695,-5.43466,-11.56,0.305065666,0.549779458
1263,54.5057283,-5.4346833,-11.56,0.308818011,0.528355388
1264,54.50576,-5.434705,-11.56,0.317448405,0.524889729
1265,54.5057933,-5.4347266,-11.56,0.294183865,0.511657215
1266,54.505825,-5.4347466,-11.56,0.258536585,0.570573409
1267,54.5058583,-5.43477,-11.66,0.25478424,0.56805293
1268,54.5058933,-5.434795,-11.47,0.308818011,0.543163201
1269,54.5059266,-5.4348166,-11.56,0.333958724,0.562696912
1270,54.50596,-5.4348383,-11.47,0.309943715,0.575299307
1271,54.5059916,-5.4348599,-11.47,0.305065666,0.530245747
1272,54.506025,-5.43488,-11.27,0.276172608,0.576559546
1273,54.5060566,-5.4348983,-11.08,0.287804878,0.653434152
1274,54.50609,-5.4349233,-11.08,0.293433396,0.608380592
1275,54.5061233,-5.434945,-10.98,0.275422139,0.601449275
1276,54.5061583,-5.4349683,-10.79,0.263789869,0.706994329
1277,54.50619,-5.4349833,-10.79,0.254409006,0.737240076
1278,54.506225,-5.435005,-10.79,0.257410882,0.670762445
1279,54.5062566,-5.435025,-10.79,0.27054409,0.623188406
1280,54.50629,-5.435045,-10.89,0.282926829,0.644612476
1281,54.5063233,-5.4350683,-10.89,0.275422139,0.651543793
1282,54.506355,-5.435085,-10.98,0.282926829,0.629489603
